-- MySQL dump 10.13  Distrib 8.0.22, for Linux (x86_64)
--
-- Host: sql.gamebuster19901.com    Database: excitebot
-- ------------------------------------------------------
-- Server version	8.0.22

/*!40101 SET @OLD_CHARACTER_SET_CLIENT=@@CHARACTER_SET_CLIENT */;
/*!40101 SET @OLD_CHARACTER_SET_RESULTS=@@CHARACTER_SET_RESULTS */;
/*!40101 SET @OLD_COLLATION_CONNECTION=@@COLLATION_CONNECTION */;
/*!50503 SET NAMES utf8 */;
/*!40103 SET @OLD_TIME_ZONE=@@TIME_ZONE */;
/*!40103 SET TIME_ZONE='+00:00' */;
/*!40014 SET @OLD_UNIQUE_CHECKS=@@UNIQUE_CHECKS, UNIQUE_CHECKS=0 */;
/*!40014 SET @OLD_FOREIGN_KEY_CHECKS=@@FOREIGN_KEY_CHECKS, FOREIGN_KEY_CHECKS=0 */;
/*!40101 SET @OLD_SQL_MODE=@@SQL_MODE, SQL_MODE='NO_AUTO_VALUE_ON_ZERO' */;
/*!40111 SET @OLD_SQL_NOTES=@@SQL_NOTES, SQL_NOTES=0 */;

--
-- Table structure for table `admins`
--

DROP TABLE IF EXISTS `admins`;
/*!40101 SET @saved_cs_client     = @@character_set_client */;
/*!50503 SET character_set_client = utf8mb4 */;
CREATE TABLE `admins` (
  `discordID` bigint unsigned NOT NULL,
  PRIMARY KEY (`discordID`),
  UNIQUE KEY `discord_id_UNIQUE` (`discordID`)
) ENGINE=InnoDB DEFAULT CHARSET=utf8mb4 COLLATE=utf8mb4_bin;
/*!40101 SET character_set_client = @saved_cs_client */;

--
-- Dumping data for table `admins`
--

LOCK TABLES `admins` WRITE;
/*!40000 ALTER TABLE `admins` DISABLE KEYS */;
INSERT INTO `admins` VALUES (198987632070492166),(254076826371096577),(275069307401142272),(660207689259024395);
/*!40000 ALTER TABLE `admins` ENABLE KEYS */;
UNLOCK TABLES;

--
-- Table structure for table `audit_bans`
--

DROP TABLE IF EXISTS `audit_bans`;
/*!40101 SET @saved_cs_client     = @@character_set_client */;
/*!50503 SET character_set_client = utf8mb4 */;
CREATE TABLE `audit_bans` (
  `auditID` bigint unsigned NOT NULL,
  `duration` varchar(45) CHARACTER SET utf8mb4 COLLATE utf8mb4_bin NOT NULL,
  `expireTime` varchar(45) CHARACTER SET utf8mb4 COLLATE utf8mb4_bin NOT NULL,
  `bannedID` bigint unsigned NOT NULL,
  `bannedUsername` varchar(45) CHARACTER SET utf8mb4 COLLATE utf8mb4_bin NOT NULL,
  PRIMARY KEY (`auditID`),
  UNIQUE KEY `auditID_UNIQUE` (`auditID`)
) ENGINE=InnoDB DEFAULT CHARSET=utf8mb4 COLLATE=utf8mb4_bin;
/*!40101 SET character_set_client = @saved_cs_client */;

--
-- Dumping data for table `audit_bans`
--

LOCK TABLES `audit_bans` WRITE;
/*!40000 ALTER TABLE `audit_bans` DISABLE KEYS */;
/*!40000 ALTER TABLE `audit_bans` ENABLE KEYS */;
UNLOCK TABLES;

--
-- Table structure for table `audit_commands`
--

DROP TABLE IF EXISTS `audit_commands`;
/*!40101 SET @saved_cs_client     = @@character_set_client */;
/*!50503 SET character_set_client = utf8mb4 */;
CREATE TABLE `audit_commands` (
  `auditID` bigint unsigned NOT NULL,
  `serverName` varchar(45) CHARACTER SET utf8mb4 COLLATE utf8mb4_bin DEFAULT NULL,
  `serverID` bigint unsigned NOT NULL,
  `channelName` varchar(45) CHARACTER SET utf8mb4 COLLATE utf8mb4_bin NOT NULL,
  `channelID` bigint unsigned NOT NULL,
  `isGuildMessage` bit(1) NOT NULL,
  `isPrivateMessage` bit(1) NOT NULL,
  `isConsoleMessage` bit(1) NOT NULL,
  `isAdmin` bit(1) NOT NULL,
  `isOperator` bit(1) NOT NULL,
  PRIMARY KEY (`auditID`),
  UNIQUE KEY `auditID_UNIQUE` (`auditID`)
) ENGINE=InnoDB DEFAULT CHARSET=utf8mb4 COLLATE=utf8mb4_bin;
/*!40101 SET character_set_client = @saved_cs_client */;

--
-- Dumping data for table `audit_commands`
--

LOCK TABLES `audit_commands` WRITE;
/*!40000 ALTER TABLE `audit_commands` DISABLE KEYS */;
INSERT INTO `audit_commands` VALUES (1,NULL,0,'Gamebuster#7461',138454176718913536,_binary '\0',_binary '',_binary '\0',_binary '\0',_binary '\0'),(2,NULL,0,'Gamebuster#7461',138454176718913536,_binary '\0',_binary '',_binary '\0',_binary '\0',_binary '\0'),(3,NULL,0,'Gamebuster#7461',138454176718913536,_binary '\0',_binary '',_binary '\0',_binary '\0',_binary '\0'),(4,NULL,0,'Gamebuster#7461',138454176718913536,_binary '\0',_binary '',_binary '\0',_binary '\0',_binary '\0'),(5,NULL,0,'Gamebuster#7461',138454176718913536,_binary '\0',_binary '',_binary '\0',_binary '\0',_binary '\0'),(6,'Gamebuster\'s Development Server 2',706461118578819072,'bot-spam',762480063224086528,_binary '',_binary '\0',_binary '\0',_binary '\0',_binary '\0'),(7,NULL,0,'CONSOLE(0)',0,_binary '\0',_binary '',_binary '',_binary '',_binary ''),(9,'Gamebuster\'s Development Server 2',706461118578819072,'bot-spam',762480063224086528,_binary '',_binary '\0',_binary '\0',_binary '',_binary ''),(10,NULL,0,'CONSOLE(0)',0,_binary '\0',_binary '',_binary '',_binary '',_binary ''),(11,NULL,0,'Gamebuster#7461',138454176718913536,_binary '\0',_binary '',_binary '\0',_binary '',_binary ''),(12,NULL,0,'Gamebuster#7461',138454176718913536,_binary '\0',_binary '',_binary '\0',_binary '',_binary ''),(13,NULL,0,'Gamebuster#7461',138454176718913536,_binary '\0',_binary '',_binary '\0',_binary '',_binary ''),(14,NULL,0,'Gamebuster#7461',138454176718913536,_binary '\0',_binary '',_binary '\0',_binary '',_binary ''),(15,NULL,0,'Gamebuster#7461',138454176718913536,_binary '\0',_binary '',_binary '\0',_binary '',_binary ''),(16,NULL,0,'CONSOLE(0)',0,_binary '\0',_binary '',_binary '',_binary '',_binary ''),(17,NULL,0,'Gamebuster#7461',138454176718913536,_binary '\0',_binary '',_binary '\0',_binary '',_binary ''),(18,NULL,0,'Gamebuster#7461',138454176718913536,_binary '\0',_binary '',_binary '\0',_binary '',_binary ''),(19,NULL,0,'Gamebuster#7461',138454176718913536,_binary '\0',_binary '',_binary '\0',_binary '',_binary ''),(20,'The Game Community',700211322826129428,'beta-bot-spam',778518997633204225,_binary '',_binary '\0',_binary '\0',_binary '',_binary ''),(21,NULL,0,'CONSOLE(0)',0,_binary '\0',_binary '',_binary '',_binary '',_binary ''),(22,'The Game Community',700211322826129428,'beta-bot-spam',778518997633204225,_binary '',_binary '\0',_binary '\0',_binary '',_binary ''),(23,'Gamebuster\'s Development Server 2',706461118578819072,'bot-spam',762480063224086528,_binary '',_binary '\0',_binary '\0',_binary '',_binary ''),(25,'Gamebuster\'s Development Server 2',706461118578819072,'bot-spam',762480063224086528,_binary '',_binary '\0',_binary '\0',_binary '',_binary ''),(27,'Gamebuster\'s Development Server 2',706461118578819072,'bot-spam',762480063224086528,_binary '',_binary '\0',_binary '\0',_binary '',_binary ''),(29,'Gamebuster\'s Development Server 2',706461118578819072,'bot-spam',762480063224086528,_binary '',_binary '\0',_binary '\0',_binary '',_binary ''),(31,'Gamebuster\'s Development Server 2',706461118578819072,'bot-spam',762480063224086528,_binary '',_binary '\0',_binary '\0',_binary '',_binary ''),(32,'Gamebuster\'s Development Server 2',706461118578819072,'bot-spam',762480063224086528,_binary '',_binary '\0',_binary '\0',_binary '',_binary ''),(34,'Gamebuster\'s Development Server 2',706461118578819072,'bot-spam',762480063224086528,_binary '',_binary '\0',_binary '\0',_binary '',_binary '');
/*!40000 ALTER TABLE `audit_commands` ENABLE KEYS */;
UNLOCK TABLES;

--
-- Table structure for table `audit_name_changes`
--

DROP TABLE IF EXISTS `audit_name_changes`;
/*!40101 SET @saved_cs_client     = @@character_set_client */;
/*!50503 SET character_set_client = utf8mb4 */;
CREATE TABLE `audit_name_changes` (
  `auditID` bigint unsigned NOT NULL,
  `oldName` varchar(8) CHARACTER SET utf8mb4 COLLATE utf8mb4_bin NOT NULL,
  `newName` varchar(8) CHARACTER SET utf8mb4 COLLATE utf8mb4_bin NOT NULL,
  `playerID` int NOT NULL,
  `friendCode` varchar(14) CHARACTER SET utf8mb4 COLLATE utf8mb4_bin NOT NULL,
  PRIMARY KEY (`auditID`),
  UNIQUE KEY `auditID_UNIQUE` (`auditID`)
) ENGINE=InnoDB DEFAULT CHARSET=utf8mb4 COLLATE=utf8mb4_bin;
/*!40101 SET character_set_client = @saved_cs_client */;

--
-- Dumping data for table `audit_name_changes`
--

LOCK TABLES `audit_name_changes` WRITE;
/*!40000 ALTER TABLE `audit_name_changes` DISABLE KEYS */;
/*!40000 ALTER TABLE `audit_name_changes` ENABLE KEYS */;
UNLOCK TABLES;

--
-- Table structure for table `audit_pardons`
--

DROP TABLE IF EXISTS `audit_pardons`;
/*!40101 SET @saved_cs_client     = @@character_set_client */;
/*!50503 SET character_set_client = utf8mb4 */;
CREATE TABLE `audit_pardons` (
  `auditID` bigint unsigned NOT NULL,
  `pardonedAuditID` bigint unsigned NOT NULL,
  PRIMARY KEY (`auditID`),
  UNIQUE KEY `auditID_UNIQUE` (`auditID`),
  UNIQUE KEY `banID_UNIQUE` (`pardonedAuditID`)
) ENGINE=InnoDB DEFAULT CHARSET=utf8mb4 COLLATE=utf8mb4_bin;
/*!40101 SET character_set_client = @saved_cs_client */;

--
-- Dumping data for table `audit_pardons`
--

LOCK TABLES `audit_pardons` WRITE;
/*!40000 ALTER TABLE `audit_pardons` DISABLE KEYS */;
/*!40000 ALTER TABLE `audit_pardons` ENABLE KEYS */;
UNLOCK TABLES;

--
-- Table structure for table `audit_profile_discoveries`
--

DROP TABLE IF EXISTS `audit_profile_discoveries`;
/*!40101 SET @saved_cs_client     = @@character_set_client */;
/*!50503 SET character_set_client = utf8mb4 */;
CREATE TABLE `audit_profile_discoveries` (
  `auditID` bigint unsigned NOT NULL,
  PRIMARY KEY (`auditID`),
  UNIQUE KEY `auditID_UNIQUE` (`auditID`)
) ENGINE=InnoDB DEFAULT CHARSET=utf8mb4 COLLATE=utf8mb4_bin;
/*!40101 SET character_set_client = @saved_cs_client */;

--
-- Dumping data for table `audit_profile_discoveries`
--

LOCK TABLES `audit_profile_discoveries` WRITE;
/*!40000 ALTER TABLE `audit_profile_discoveries` DISABLE KEYS */;
/*!40000 ALTER TABLE `audit_profile_discoveries` ENABLE KEYS */;
UNLOCK TABLES;

--
-- Table structure for table `audit_rank_changes`
--

DROP TABLE IF EXISTS `audit_rank_changes`;
/*!40101 SET @saved_cs_client     = @@character_set_client */;
/*!50503 SET character_set_client = utf8mb4 */;
CREATE TABLE `audit_rank_changes` (
  `auditID` bigint unsigned NOT NULL,
  `promotee` varchar(45) CHARACTER SET utf8mb4 COLLATE utf8mb4_bin NOT NULL,
  `promoteeDiscordID` bigint unsigned NOT NULL,
  PRIMARY KEY (`auditID`),
  UNIQUE KEY `auditID_UNIQUE` (`auditID`)
) ENGINE=InnoDB DEFAULT CHARSET=utf8mb4 COLLATE=utf8mb4_bin;
/*!40101 SET character_set_client = @saved_cs_client */;

--
-- Dumping data for table `audit_rank_changes`
--

LOCK TABLES `audit_rank_changes` WRITE;
/*!40000 ALTER TABLE `audit_rank_changes` DISABLE KEYS */;
INSERT INTO `audit_rank_changes` VALUES (8,'Gamebuster#7461',138454176718913536),(24,'TopStarRacer#8025',198987632070492166),(26,'TopStarRacer#8025',198987632070492166),(28,'Awkward#8100',275069307401142272),(30,'FLASH#6451',660207689259024395),(33,'Admiral Pringles#7498',254076826371096577);
/*!40000 ALTER TABLE `audit_rank_changes` ENABLE KEYS */;
UNLOCK TABLES;

--
-- Table structure for table `audits`
--

DROP TABLE IF EXISTS `audits`;
/*!40101 SET @saved_cs_client     = @@character_set_client */;
/*!50503 SET character_set_client = utf8mb4 */;
CREATE TABLE `audits` (
  `auditID` bigint unsigned NOT NULL AUTO_INCREMENT,
  `type` varchar(45) CHARACTER SET utf8mb4 COLLATE utf8mb4_bin NOT NULL,
  `issuer` bigint unsigned NOT NULL,
  `issuerName` varchar(45) CHARACTER SET utf8mb4 COLLATE utf8mb4_bin NOT NULL,
  `description` text CHARACTER SET utf8mb4 COLLATE utf8mb4_bin,
  `issued` varchar(45) CHARACTER SET utf8mb4 COLLATE utf8mb4_bin NOT NULL,
  PRIMARY KEY (`auditID`),
  UNIQUE KEY `auditID_UNIQUE` (`auditID`)
) ENGINE=InnoDB AUTO_INCREMENT=35 DEFAULT CHARSET=utf8mb4 COLLATE=utf8mb4_bin;
/*!40101 SET character_set_client = @saved_cs_client */;

--
-- Dumping data for table `audits`
--

LOCK TABLES `audits` WRITE;
/*!40000 ALTER TABLE `audits` DISABLE KEYS */;
INSERT INTO `audits` VALUES (1,'COMMAND_AUDIT',138454176718913536,'Gamebuster#7461','-players','2020-11-18T08:37:38.213Z'),(2,'COMMAND_AUDIT',138454176718913536,'Gamebuster#7461','players','2020-11-18T08:37:41.456Z'),(3,'COMMAND_AUDIT',138454176718913536,'Gamebuster#7461','players','2020-11-18T08:38:22.244Z'),(4,'COMMAND_AUDIT',138454176718913536,'Gamebuster#7461','-whois KaBoom!','2020-11-18T08:39:35.645Z'),(5,'COMMAND_AUDIT',138454176718913536,'Gamebuster#7461','whois KaBoom!','2020-11-18T08:39:42.228Z'),(6,'COMMAND_AUDIT',138454176718913536,'Gamebuster#7461','icondump 526942728010072082','2020-11-18T09:14:11.760Z'),(7,'COMMAND_AUDIT',0,'CONSOLE(0)','rank add operator Gamebuster#7461','2020-11-18T09:14:27.954Z'),(8,'RANK_CHANGE_AUDIT',0,'CONSOLE(0)','CONSOLE(0) made Gamebuster#7461 (138454176718913536) a bot operator for ExciteTest','2020-11-18T09:14:28.724Z'),(9,'COMMAND_AUDIT',138454176718913536,'Gamebuster#7461','icondump 526942728010072082','2020-11-18T09:14:41.599Z'),(10,'COMMAND_AUDIT',0,'CONSOLE(0)','stop','2020-11-18T09:41:08.895Z'),(11,'COMMAND_AUDIT',138454176718913536,'Gamebuster#7461','-changelog','2020-11-18T09:58:45.437Z'),(12,'COMMAND_AUDIT',138454176718913536,'Gamebuster#7461','changelog','2020-11-18T09:58:48.020Z'),(13,'COMMAND_AUDIT',138454176718913536,'Gamebuster#7461','cl','2020-11-18T09:59:15.850Z'),(14,'COMMAND_AUDIT',138454176718913536,'Gamebuster#7461','cl','2020-11-18T10:00:12.531Z'),(15,'COMMAND_AUDIT',138454176718913536,'Gamebuster#7461','icondump 526942728010072082','2020-11-18T10:01:14.604Z'),(16,'COMMAND_AUDIT',0,'CONSOLE(0)','icondump 526942728010072082','2020-11-18T10:01:25.857Z'),(17,'COMMAND_AUDIT',138454176718913536,'Gamebuster#7461','cl','2020-11-18T10:04:08.262Z'),(18,'COMMAND_AUDIT',138454176718913536,'Gamebuster#7461','cl','2020-11-18T10:05:24.679Z'),(19,'COMMAND_AUDIT',138454176718913536,'Gamebuster#7461','cl','2020-11-18T10:09:55.886Z'),(20,'COMMAND_AUDIT',138454176718913536,'Gamebuster#7461','cl','2020-11-18T10:11:09.515Z'),(21,'COMMAND_AUDIT',0,'CONSOLE(0)','stop','2020-11-18T10:14:34.246Z'),(22,'COMMAND_AUDIT',138454176718913536,'Gamebuster#7461','cl','2020-11-18T10:14:55.400Z'),(23,'COMMAND_AUDIT',138454176718913536,'Gamebuster#7461','rank add admin TopStarRacer#8025','2020-11-18T10:16:19.712Z'),(24,'RANK_CHANGE_AUDIT',138454176718913536,'Gamebuster#7461','Gamebuster#7461 (138454176718913536) made TopStarRacer#8025 (198987632070492166) a bot admin for ExciteTest','2020-11-18T10:16:20.900Z'),(25,'COMMAND_AUDIT',138454176718913536,'Gamebuster#7461','rank add operator TopStarRacer#8025','2020-11-18T10:16:34.783Z'),(26,'RANK_CHANGE_AUDIT',138454176718913536,'Gamebuster#7461','Gamebuster#7461 (138454176718913536) made TopStarRacer#8025 (198987632070492166) a bot operator for ExciteTest','2020-11-18T10:16:35.791Z'),(27,'COMMAND_AUDIT',138454176718913536,'Gamebuster#7461','rank add admin Awkward#8100','2020-11-18T10:17:09.001Z'),(28,'RANK_CHANGE_AUDIT',138454176718913536,'Gamebuster#7461','Gamebuster#7461 (138454176718913536) made Awkward#8100 (275069307401142272) a bot admin for ExciteTest','2020-11-18T10:17:10.181Z'),(29,'COMMAND_AUDIT',138454176718913536,'Gamebuster#7461','rank add admin FLASH#6451','2020-11-18T10:18:11.689Z'),(30,'RANK_CHANGE_AUDIT',138454176718913536,'Gamebuster#7461','Gamebuster#7461 (138454176718913536) made FLASH#6451 (660207689259024395) a bot admin for ExciteTest','2020-11-18T10:18:12.801Z'),(31,'COMMAND_AUDIT',138454176718913536,'Gamebuster#7461','rank add Admiral Pringles#7498','2020-11-18T10:18:37.960Z'),(32,'COMMAND_AUDIT',138454176718913536,'Gamebuster#7461','rank add admin Admiral Pringles#7498','2020-11-18T10:18:55.330Z'),(33,'RANK_CHANGE_AUDIT',138454176718913536,'Gamebuster#7461','Gamebuster#7461 (138454176718913536) made Admiral Pringles#7498 (254076826371096577) a bot admin for ExciteTest','2020-11-18T10:18:56.491Z'),(34,'COMMAND_AUDIT',138454176718913536,'Gamebuster#7461','players','2020-11-18T10:19:03.448Z');
/*!40000 ALTER TABLE `audits` ENABLE KEYS */;
UNLOCK TABLES;

--
-- Table structure for table `discord_servers`
--

DROP TABLE IF EXISTS `discord_servers`;
/*!40101 SET @saved_cs_client     = @@character_set_client */;
/*!50503 SET character_set_client = utf8mb4 */;
CREATE TABLE `discord_servers` (
  `serverID` bigint unsigned NOT NULL,
  `serverName` varchar(45) CHARACTER SET utf8mb4 COLLATE utf8mb4_unicode_520_ci NOT NULL DEFAULT 'UNKNOWN_DISCORD_SERVER',
  `prefix` char(7) CHARACTER SET utf8mb4 COLLATE utf8mb4_unicode_520_ci NOT NULL DEFAULT '!',
  PRIMARY KEY (`serverID`),
  UNIQUE KEY `server_id_UNIQUE` (`serverID`)
) ENGINE=InnoDB DEFAULT CHARSET=utf8mb4 COLLATE=utf8mb4_bin;
/*!40101 SET character_set_client = @saved_cs_client */;

--
-- Dumping data for table `discord_servers`
--

LOCK TABLES `discord_servers` WRITE;
/*!40000 ALTER TABLE `discord_servers` DISABLE KEYS */;
INSERT INTO `discord_servers` VALUES (526942728010072082,'Gamebuster\'s Development Server 1','!'),(700211322826129428,'The Game Community','-'),(706461118578819072,'Gamebuster\'s Development Server 2','-');
/*!40000 ALTER TABLE `discord_servers` ENABLE KEYS */;
UNLOCK TABLES;

--
-- Table structure for table `discord_users`
--

DROP TABLE IF EXISTS `discord_users`;
/*!40101 SET @saved_cs_client     = @@character_set_client */;
/*!50503 SET character_set_client = utf8mb4 */;
CREATE TABLE `discord_users` (
  `discordID` bigint unsigned NOT NULL,
  `discord_name` char(37) CHARACTER SET utf8mb4 COLLATE utf8mb4_0900_ai_ci NOT NULL,
  `threshold` int NOT NULL DEFAULT '-1',
  `frequency` varchar(45) CHARACTER SET utf8mb4 COLLATE utf8mb4_bin NOT NULL DEFAULT 'PT30M',
  `lastNotification` varchar(45) CHARACTER SET utf8mb4 COLLATE utf8mb4_bin DEFAULT NULL,
  `dippedBelowThreshold` tinyint(1) NOT NULL DEFAULT '0',
  `notifyContinuously` tinyint(1) NOT NULL DEFAULT '0',
  PRIMARY KEY (`discordID`),
  UNIQUE KEY `discord_id_UNIQUE` (`discordID`)
) ENGINE=InnoDB DEFAULT CHARSET=utf8mb4 COLLATE=utf8mb4_bin;
/*!40101 SET character_set_client = @saved_cs_client */;

--
-- Dumping data for table `discord_users`
--

LOCK TABLES `discord_users` WRITE;
/*!40000 ALTER TABLE `discord_users` DISABLE KEYS */;
INSERT INTO `discord_users` VALUES (98938149316599808,'Larsenv#2020',-1,'PT30M','-1000000000-01-01T00:00:00Z',1,0),(106943669751283712,'Battletanx_Commander#0548',1,'PT15M','2020-11-16T01:36:23.972Z',1,0),(117087123324141575,'mammad1377#7889',-1,'PT30M','-1000000000-01-01T00:00:00Z',1,0),(118936366062108674,'rose#5502',-1,'PT30M','-1000000000-01-01T00:00:00Z',1,0),(137480566332325888,'jiggie#0863',-1,'PT30M','-1000000000-01-01T00:00:00Z',1,0),(138454176718913536,'Gamebuster#7461',1,'PT5M','2020-11-16T01:36:23.561Z',1,0),(143851977275604993,'Wi1dCard#8090',-1,'PT30M','-1000000000-01-01T00:00:00Z',1,0),(148305701213700097,'gingerbeardman#3239',-1,'PT30M','-1000000000-01-01T00:00:00Z',1,0),(170332561438932993,'dmich9#0589',-1,'PT30M','-1000000000-01-01T00:00:00Z',1,0),(180373244560408576,'Crunchewy#0504',2,'PT30M','2020-11-15T02:37:19.762Z',1,0),(184051428589830145,'Dynomite100200#5427',-1,'PT30M','-1000000000-01-01T00:00:00Z',1,0),(190881706130014209,'professorstotch#9747',-1,'PT30M','-1000000000-01-01T00:00:00Z',1,0),(194613403766095872,'YoshTaku#0753',-1,'PT30M','-1000000000-01-01T00:00:00Z',1,0),(198987632070492166,'TopStarRacer#8025',1,'PT5M','2020-11-16T01:36:23.358Z',1,0),(206661343523241995,'El Fantasma#0295',-1,'PT30M','-1000000000-01-01T00:00:00Z',1,0),(215986263495278592,'Reformed_Guitarist#5572',-1,'PT30M','-1000000000-01-01T00:00:00Z',1,0),(222463892507459585,'SafetyPtrl#8875',-1,'PT30M','-1000000000-01-01T00:00:00Z',1,0),(234413544010022923,'Varan#1469',-1,'PT30M','-1000000000-01-01T00:00:00Z',1,0),(235088799074484224,'Rythm#3722',-1,'PT30M','-1000000000-01-01T00:00:00Z',1,0),(252128902418268161,'Rythm 2#2000',-1,'PT30M','-1000000000-01-01T00:00:00Z',1,0),(252286194509938691,'Chilly#2560',-1,'PT30M','-1000000000-01-01T00:00:00Z',1,0),(254076826371096577,'Admiral Pringles#7498',-1,'PT30M','-1000000000-01-01T00:00:00Z',1,0),(264238706154536961,'Justicejuice#0372',-1,'PT30M','-1000000000-01-01T00:00:00Z',1,0),(272508795140309003,'Trayyy?#3275',-1,'PT30M','-1000000000-01-01T00:00:00Z',1,0),(274269575049248768,'Lemzy (Literally Ech!)#2650',-1,'PT30M','-1000000000-01-01T00:00:00Z',1,0),(275069307401142272,'Awkward#8100',-1,'PT15M','2020-08-21T18:35:11.960Z',1,0),(281201532416950273,'AngryPlushBear#4927',-1,'PT30M','-1000000000-01-01T00:00:00Z',1,0),(282406355925467136,'Osmosys#1381',-1,'PT30M','-1000000000-01-01T00:00:00Z',1,0),(302693191050854400,'Insomniac#9815',-1,'PT30M','-1000000000-01-01T00:00:00Z',1,0),(305499557087674368,'theJude#7438',-1,'PT30M','-1000000000-01-01T00:00:00Z',1,0),(305781659834515456,'Voaly#4062',-1,'PT30M','-1000000000-01-01T00:00:00Z',1,0),(308269907173179393,'nyan man 310#4401',-1,'PT30M','-1000000000-01-01T00:00:00Z',1,0),(313754798950318081,'JoPeePee#6785',-1,'PT30M','-1000000000-01-01T00:00:00Z',1,0),(319468257897873408,'FancyEX#7903',-1,'PT30M','-1000000000-01-01T00:00:00Z',1,0),(344303001965428736,'LOAF of celery#6013',-1,'PT30M','-1000000000-01-01T00:00:00Z',1,0),(346186502906183681,'RoastSalmon#5680',-1,'PT30M','-1000000000-01-01T00:00:00Z',1,0),(349042792279965696,'Tyger#8252',-1,'PT30M','-1000000000-01-01T00:00:00Z',1,0),(358066651653996555,'nerfthemedium#1657',-1,'PT30M','-1000000000-01-01T00:00:00Z',1,0),(369896492170739713,'SamuelStudios#0413',-1,'PT30M','-1000000000-01-01T00:00:00Z',1,0),(370671996201205762,'Redderino#4577',-1,'PT30M','-1000000000-01-01T00:00:00Z',1,0),(371482007395631106,'supersaiyansonic#6003',-1,'PT30M','-1000000000-01-01T00:00:00Z',1,0),(372429661667328022,'AaronasaurusRex#2849',-1,'PT30M','-1000000000-01-01T00:00:00Z',1,0),(373854687343935493,'€ÐØÜŽΔ#6865',-1,'PT30M','-1000000000-01-01T00:00:00Z',1,0),(380421077727445002,'gibbbbbbbbbby#8809',-1,'PT30M','-1000000000-01-01T00:00:00Z',1,0),(384196127190286339,'gamemasterherb#3276',-1,'PT30M','-1000000000-01-01T00:00:00Z',1,0),(397486185347547136,'ManRay#0098',-1,'PT30M','-1000000000-01-01T00:00:00Z',1,0),(415062217596076033,'Rythm Canary#8406',-1,'PT30M','-1000000000-01-01T00:00:00Z',1,0),(419708005920145419,'BerserkingOccultist#1490',-1,'PT30M','-1000000000-01-01T00:00:00Z',1,0),(425629613457145856,'Coldwave#5187',-1,'PT30M','-1000000000-01-01T00:00:00Z',1,0),(435146227374620683,'ugh?#2001',-1,'PT30M','-1000000000-01-01T00:00:00Z',1,0),(441506001368383489,'Swindles#1056',-1,'PT30M','-1000000000-01-01T00:00:00Z',1,0),(457326585352028161,'JoomX#6937',-1,'PT30M','-1000000000-01-01T00:00:00Z',1,0),(486627784056242176,'Reader#4422',-1,'PT30M','-1000000000-01-01T00:00:00Z',1,0),(499269129988079616,'Damien la Critique#5485',-1,'PT30M','-1000000000-01-01T00:00:00Z',1,0),(503479307528568833,'Thebeautykills#6131',1,'PT30M','2020-11-16T01:36:23.677Z',1,0),(508107067190411299,'AetherResonant#8799',-1,'PT30M','-1000000000-01-01T00:00:00Z',1,0),(516367008376422402,'M4RCU57#0791',-1,'PT30M','-1000000000-01-01T00:00:00Z',1,0),(538482244915036207,'ac#2524',-1,'PT30M','-1000000000-01-01T00:00:00Z',1,0),(543447018094198794,'Quijibo#3786',-1,'PT30M','-1000000000-01-01T00:00:00Z',1,0),(544900799755714565,'MadMonk#6246',-1,'PT30M','-1000000000-01-01T00:00:00Z',1,0),(555771486980407307,'SMAB!#9329',-1,'PT30M','-1000000000-01-01T00:00:00Z',1,0),(559107299952558103,'Codeman#7308',1,'PT5M','2020-11-16T01:36:24.172Z',1,0),(561016970888216588,'BIG AIR#5051',-1,'PT30M','-1000000000-01-01T00:00:00Z',1,0),(590177830139199498,'WeirdPerson#5125',-1,'PT30M','-1000000000-01-01T00:00:00Z',1,0),(660207689259024395,'FLASH#6451',1,'PT30M','2020-11-16T01:36:23.224Z',1,0),(671137297156014111,'Thimbici#9539',-1,'PT30M','-1000000000-01-01T00:00:00Z',1,0),(690416704341278720,'SangwoosAshyCheeks#1388',-1,'PT30M','-1000000000-01-01T00:00:00Z',1,0),(692088863056986113,'tonyneglin#5077',1,'PT15M','2020-11-16T01:36:23.452Z',1,0),(699038596400939098,'ep#1955',-1,'PT30M','-1000000000-01-01T00:00:00Z',1,0),(699819717829066763,'RATROD#4594',-1,'PT30M','-1000000000-01-01T00:00:00Z',1,0),(701613723923775528,'Joom#1311',-1,'PT30M','-1000000000-01-01T00:00:00Z',1,0),(703076166889635890,'Barbie#6002',-1,'PT30M','-1000000000-01-01T00:00:00Z',1,0),(704409490874695701,'Excite#8562',-1,'PT30M','-1000000000-01-01T00:00:00Z',1,0),(705027478648913971,'pilly#8613',-1,'PT30M','-1000000000-01-01T00:00:00Z',1,0),(706204916812873948,'ExciteTest#5741',-1,'PT30M','-1000000000-01-01T00:00:00Z',1,0),(708417852818063427,'Superluminal#6433',-1,'PT30M','-1000000000-01-01T00:00:00Z',1,0),(708497701364433016,'JoomX#8207',-1,'PT30M','-1000000000-01-01T00:00:00Z',1,0),(709834422865887287,'adfsæljkadsfædjklafdsjæ#2188',-1,'PT30M','-1000000000-01-01T00:00:00Z',1,0),(712722147860021350,'skelekian#1810',-1,'PT30M','-1000000000-01-01T00:00:00Z',1,0),(717383099108950057,'Steveo#2456',-1,'PT30M','-1000000000-01-01T00:00:00Z',1,0),(724731133505437758,'TheRγZοr#3761',-1,'PT30M','-1000000000-01-01T00:00:00Z',1,0),(726278922777657425,'san#0302',-1,'PT30M','-1000000000-01-01T00:00:00Z',1,0),(729894552911216702,'JHFowler#4896',-1,'PT30M','-1000000000-01-01T00:00:00Z',1,0),(737497750836346942,'Shakur Bakhtali#9593',-1,'PT30M','-1000000000-01-01T00:00:00Z',1,0),(739296244593328149,'JoomX#9298',-1,'PT30M','-1000000000-01-01T00:00:00Z',1,0),(743632656255811594,'Joom#5315',-1,'PT30M','-1000000000-01-01T00:00:00Z',1,0),(747563846138462209,'NyanMan310#6206',-1,'PT30M','-1000000000-01-01T00:00:00Z',1,0),(750400622414528544,'Joom_Icrash#7054',-1,'PT30M','-1000000000-01-01T00:00:00Z',1,0),(751633278724997120,'Téo#9417',-1,'PT30M','-1000000000-01-01T00:00:00Z',1,0),(755220601056002128,'TheFastestGerbAlive#6078',-1,'PT30M','-1000000000-01-01T00:00:00Z',1,0),(760237118282006598,'Crow#9164',-1,'PT30M','-1000000000-01-01T00:00:00Z',1,0),(765046130651693076,'simplyjonjonjon#8494',-1,'PT30M','-1000000000-01-01T00:00:00Z',1,0);
/*!40000 ALTER TABLE `discord_users` ENABLE KEYS */;
UNLOCK TABLES;

--
-- Table structure for table `operators`
--

DROP TABLE IF EXISTS `operators`;
/*!40101 SET @saved_cs_client     = @@character_set_client */;
/*!50503 SET character_set_client = utf8mb4 */;
CREATE TABLE `operators` (
  `discordID` bigint unsigned NOT NULL,
  PRIMARY KEY (`discordID`),
  UNIQUE KEY `discord_id_UNIQUE` (`discordID`)
) ENGINE=InnoDB DEFAULT CHARSET=utf8mb4 COLLATE=utf8mb4_bin;
/*!40101 SET character_set_client = @saved_cs_client */;

--
-- Dumping data for table `operators`
--

LOCK TABLES `operators` WRITE;
/*!40000 ALTER TABLE `operators` DISABLE KEYS */;
INSERT INTO `operators` VALUES (138454176718913536),(198987632070492166);
/*!40000 ALTER TABLE `operators` ENABLE KEYS */;
UNLOCK TABLES;

--
-- Table structure for table `players`
--

DROP TABLE IF EXISTS `players`;
/*!40101 SET @saved_cs_client     = @@character_set_client */;
/*!50503 SET character_set_client = utf8mb4 */;
CREATE TABLE `players` (
  `playerID` int NOT NULL,
  `friendCode` char(14) CHARACTER SET utf8 COLLATE utf8_general_ci NOT NULL,
  `name` varchar(8) CHARACTER SET utf8 COLLATE utf8_general_ci NOT NULL,
  `redacted` tinyint(1) NOT NULL DEFAULT '0',
  `discordID` bigint unsigned DEFAULT NULL,
  `lastOnline` varchar(45) CHARACTER SET utf8 COLLATE utf8_general_ci NOT NULL DEFAULT '2020-11-01T02:00:00+5000',
  `secondsPlayed` bigint NOT NULL DEFAULT '0',
  PRIMARY KEY (`playerID`),
  UNIQUE KEY `player_id_UNIQUE` (`playerID`),
  UNIQUE KEY `friendCode_UNIQUE` (`friendCode`)
) ENGINE=InnoDB DEFAULT CHARSET=utf8mb4 COLLATE=utf8mb4_bin;
/*!40101 SET character_set_client = @saved_cs_client */;

--
-- Dumping data for table `players`
--

LOCK TABLES `players` WRITE;
/*!40000 ALTER TABLE `players` DISABLE KEYS */;
INSERT INTO `players` VALUES (196804150,'2793-6967-8390','BUSTER',0,138454176718913536,'2020-11-01T02:00:00+5000',0),(199108427,'3437-9649-2107','lex21',0,0,'2020-11-01T02:00:00+5000',0),(203699745,'0946-9298-0257','Buster2',0,138454176718913536,'2020-11-01T02:00:00+5000',0),(204253047,'3566-8653-8615','TwerkiT',0,106943669751283712,'2020-11-01T02:00:00+5000',0),(244082861,'2579-4212-0621','TopStar',0,198987632070492166,'2020-11-01T02:00:00+5000',0),(303906216,'3524-9122-4488','RATROD',0,0,'2020-11-01T02:00:00+5000',0),(393683510,'5114-9479-1734','CodyRs!',0,559107299952558103,'2020-11-01T02:00:00+5000',0),(407096214,'2409-2526-4790','TopZer0',0,198987632070492166,'2020-11-01T02:00:00+5000',0),(414660239,'3397-1707-6623','Wizzard',0,0,'2020-11-01T02:00:00+5000',0),(450023229,'2624-4302-8285','DYLAN',0,0,'2020-11-01T02:00:00+5000',0),(600043866,'3399-0246-0250','Lucas',0,0,'2020-11-01T02:00:00+5000',0),(600223684,'5374-7113-5684','TheFuck',0,0,'2020-11-01T02:00:00+5000',0),(600275791,'3399-0269-2175','11',0,0,'2020-11-01T02:00:00+5000',0),(600349614,'4902-2662-1358','Jooming',0,0,'2020-11-01T02:00:00+5000',0),(600352844,'1681-0407-7388','Steadio',0,0,'2020-11-01T02:00:00+5000',0),(600352857,'4086-2224-5977','HalCyon',0,692088863056986113,'2020-11-01T02:00:00+5000',0),(600353243,'5202-9139-6059','Bazinga',0,0,'2020-11-01T02:00:00+5000',0),(600353264,'3012-4806-3984','TGC4Evr',0,0,'2020-11-01T02:00:00+5000',0),(600354761,'2883-6316-3593','RLV2018',0,0,'2020-11-01T02:00:00+5000',0),(600354875,'2239-3865-4267','CALMON',0,0,'2020-11-01T02:00:00+5000',0),(600357091,'1766-9401-6227','KRIMSON',0,0,'2020-11-01T02:00:00+5000',0),(600358364,'5117-0146-6588','Bug',0,0,'2020-11-01T02:00:00+5000',0),(600360090,'4816-3669-7242','GABEX',0,0,'2020-11-01T02:00:00+5000',0),(600389206,'4429-8202-0694','Reviv3',0,0,'2020-11-01T02:00:00+5000',0),(600453319,'1723-9914-5159','Tyger',0,0,'2020-11-01T02:00:00+5000',0),(600456969,'3227-2300-4169','Tyger',0,0,'2020-11-01T02:00:00+5000',0),(600492765,'1981-6898-8381','BIGAIR',0,0,'2020-11-01T02:00:00+5000',0),(600502576,'2797-7337-6816','Skyler',0,0,'2020-11-01T02:00:00+5000',0),(600614379,'1466-2950-2443','S4MU31',0,0,'2020-11-01T02:00:00+5000',0),(600626641,'2797-7350-0881','Ag3n7​.0',0,0,'2020-11-01T02:00:00+5000',0),(600630197,'5031-1180-3829','GotzdVE',0,0,'2020-11-01T02:00:00+5000',0),(600655750,'1466-2954-3814','Tonke',0,0,'2020-11-01T02:00:00+5000',0),(600684450,'0993-8493-2258','Berserk',0,0,'2020-11-01T02:00:00+5000',0),(600719529,'4086-2261-2649','M4RCU5Z',0,0,'2020-11-01T02:00:00+5000',0),(600728274,'4730-4713-0834','EDbohXX',0,138454176718913536,'2020-11-01T02:00:00+5000',0),(600809093,'3871-4786-5733','JOSI',0,0,'2020-11-01T02:00:00+5000',0),(600840847,'2754-7874-7791','READ',0,0,'2020-11-01T02:00:00+5000',0),(600841171,'5117-0194-9395','ugh',0,0,'2020-11-01T02:00:00+5000',0),(600841176,'3656-7306-1336','MINIG',0,0,'2020-11-01T02:00:00+5000',0),(600841245,'3613-7809-4109','LARSEN',0,0,'2020-11-01T02:00:00+5000',0),(600848787,'2067-5927-8995','MATT',0,0,'2020-11-01T02:00:00+5000',0),(600856580,'1122-7000-6276','jusVibe',0,0,'2020-11-01T02:00:00+5000',0),(600859984,'4043-2778-5808','Awkward',0,275069307401142272,'2020-11-01T02:00:00+5000',0),(600862759,'0134-8576-4647','Maeson',0,0,'2020-11-01T02:00:00+5000',0),(600862790,'1638-0962-0038','KONA573',0,0,'2020-11-01T02:00:00+5000',0),(600863459,'1165-6498-0451','SklyWag',0,0,'2020-11-01T02:00:00+5000',0),(600863578,'2368-2406-4858','VMONEY',0,0,'2020-11-01T02:00:00+5000',0),(600866706,'1294-4988-5586','GAAAAAA',0,0,'2020-11-01T02:00:00+5000',0),(600867346,'1466-2975-5410','Cubestr',0,0,'2020-11-01T02:00:00+5000',0),(600868525,'0822-0524-7149','CAL',0,0,'2020-11-01T02:00:00+5000',0),(600869961,'4730-4727-2521','STEVEN',0,0,'2020-11-01T02:00:00+5000',0),(600871474,'3356-0832-0562','KaBoom!',0,0,'2020-11-01T02:00:00+5000',0),(600873541,'4644-5734-1509','RadMan!',0,0,'2020-11-01T02:00:00+5000',0),(600875040,'0693-2035-1776','IKYYAGU',0,0,'2020-11-01T02:00:00+5000',0),(600876649,'3484-9322-7625','BADNANA',0,0,'2020-11-01T02:00:00+5000',0),(600879986,'3785-5800-2034','Redd',0,0,'2020-11-01T02:00:00+5000',0),(600886027,'5159-9696-1547','pilly',0,705027478648913971,'2020-11-01T02:00:00+5000',0),(600888159,'1938-7441-6479','FLASH',0,0,'2020-11-01T02:00:00+5000',0),(600889642,'2926-5866-5770','Faker',0,0,'2020-11-01T02:00:00+5000',0),(600891300,'2883-6370-0132','cRUNc',0,180373244560408576,'2020-11-01T02:00:00+5000',0),(600892954,'4773-4226-2810','DAVID',0,0,'2020-11-01T02:00:00+5000',0),(600895307,'3141-3350-7915','Dylan',0,0,'2020-11-01T02:00:00+5000',0),(600896903,'0091-9083-1495','JamesRz',0,106943669751283712,'2020-11-01T02:00:00+5000',0),(600896987,'0736-1534-1019','IceCrem',0,0,'2020-11-01T02:00:00+5000',0),(600905251,'0134-8580-7139','SIMPLEX',0,0,'2020-11-01T02:00:00+5000',0),(600907903,'0220-7574-4383','0JS!​.',0,0,'2020-11-01T02:00:00+5000',0),(600908396,'0822-0528-7020','Buffer',0,0,'2020-11-01T02:00:00+5000',0),(600909539,'2325-2914-3523','SERGIO',0,0,'2020-11-01T02:00:00+5000',0),(600911112,'4129-1777-1528','DemoGod',0,0,'2020-11-01T02:00:00+5000',0),(600911915,'1552-1973-4571','MRL',0,0,'2020-11-01T02:00:00+5000',0),(600915448,'3914-4293-9384','EEE',0,0,'2020-11-01T02:00:00+5000',0),(600916445,'2110-5431-3949','SUZY',0,0,'2020-11-01T02:00:00+5000',0),(600918978,'1380-3987-2450','LUCAS',0,0,'2020-11-01T02:00:00+5000',0),(600919238,'2368-2412-0518','ZAFIRS',0,0,'2020-11-01T02:00:00+5000',0),(600920666,'3656-7314-0826','MAT',0,0,'2020-11-01T02:00:00+5000',0),(600923432,'4086-2281-6552','DemoGod',0,0,'2020-11-01T02:00:00+5000',0),(600923522,'4687-5235-8786','AaronYo',0,0,'2020-11-01T02:00:00+5000',0),(600925229,'2239-3922-4621','botTEST',0,704409490874695701,'2020-11-01T02:00:00+5000',0),(600926406,'2325-2916-0390','ALEX',0,0,'2020-11-01T02:00:00+5000',0),(600926840,'0263-7073-0616','Ahmad',0,0,'2020-11-01T02:00:00+5000',0),(600930746,'3270-1844-5242','TopStar',0,0,'2020-11-01T02:00:00+5000',0),(600930763,'5159-9700-6283','TopStar',0,0,'2020-11-01T02:00:00+5000',0),(600931687,'2540-0400-2151','VOALY',0,0,'2020-11-01T02:00:00+5000',0),(600935652,'2969-5367-9076','FELIX',0,0,'2020-11-01T02:00:00+5000',0),(600936938,'3699-6812-4394','HvyShoe',0,0,'2020-11-01T02:00:00+5000',0),(600937012,'1595-1472-6964','FEFO',0,0,'2020-11-01T02:00:00+5000',0),(600941767,'2582-9897-9527','ADAM',0,0,'2020-11-01T02:00:00+5000',0),(600942507,'1165-6505-9499','NYANMAN',0,0,'2020-11-01T02:00:00+5000',0),(600942713,'1852-8453-6441','yosh46',0,0,'2020-11-01T02:00:00+5000',0),(600946423,'2067-5937-6631','Washp',0,0,'2020-11-01T02:00:00+5000',0),(600949359,'4343-9264-6255','Weird',0,0,'2020-11-01T02:00:00+5000',0),(600949362,'4300-9767-8962','OSY',0,0,'2020-11-01T02:00:00+5000',0),(600949503,'0048-9591-6799','PlatCht',0,0,'2020-11-01T02:00:00+5000',0),(600949573,'3227-2349-6773','NIGHT',0,0,'2020-11-01T02:00:00+5000',0),(600950339,'0435-5062-3299','WILL',0,0,'2020-11-01T02:00:00+5000',0),(600950375,'2024-6441-3287','CAMERON',0,0,'2020-11-01T02:00:00+5000',0),(600951020,'4902-2722-2764','FLA',0,0,'2020-11-01T02:00:00+5000',0),(600952015,'2883-6376-0847','DUDE',0,0,'2020-11-01T02:00:00+5000',0),(600954832,'4515-7252-0912','Sarah',0,0,'2020-11-01T02:00:00+5000',0),(600960380,'3871-4801-7020','ANDY',0,0,'2020-11-01T02:00:00+5000',0),(600967064,'5374-7187-9064','Eracer',0,0,'2020-11-01T02:00:00+5000',0),(600978280,'4043-2790-4104','Marvin',0,0,'2020-11-01T02:00:00+5000',0),(600979039,'1938-7450-7359','Erick',0,0,'2020-11-01T02:00:00+5000',0),(600980331,'2582-9901-8091','JHN',0,0,'2020-11-01T02:00:00+5000',0),(600986056,'3527-8830-4328','Barnicn',0,0,'2020-11-01T02:00:00+5000',0),(600987850,'2325-2922-1834','CHDYMAC',0,0,'2020-11-01T02:00:00+5000',0),(600990601,'3871-4804-7241','Dark14',0,0,'2020-11-01T02:00:00+5000',0),(600992149,'0693-2046-8885','JPBust',0,138454176718913536,'2020-11-01T02:00:00+5000',0),(600993037,'2540-0406-3501','LINK',0,0,'2020-11-01T02:00:00+5000',0),(600997343,'4859-3230-1791','MEEMEE!',0,0,'2020-11-01T02:00:00+5000',0),(601001518,'4386-8766-5710','EMDER',0,0,'2020-11-01T02:00:00+5000',0),(601001898,'2797-7387-6138','JUAN',0,0,'2020-11-01T02:00:00+5000',0),(601007018,'3227-2355-4218','THIAGO',0,0,'2020-11-01T02:00:00+5000',0),(601007113,'1251-5505-8697','1d6',0,0,'2020-11-01T02:00:00+5000',0),(601007318,'5245-8701-7430','JJ',0,0,'2020-11-01T02:00:00+5000',0),(601011319,'0779-1042-2647','BruceR',0,0,'2020-11-01T02:00:00+5000',0),(601012209,'4043-2793-8033','OPTEMUS',0,0,'2020-11-01T02:00:00+5000',0),(601013989,'4859-3231-8437','FALCODS',0,0,'2020-11-01T02:00:00+5000',0),(601015999,'0693-2049-2735','BigDude',0,0,'2020-11-01T02:00:00+5000',0),(601016422,'3055-4369-4438','MSX',0,0,'2020-11-01T02:00:00+5000',0),(601018187,'0263-7082-1963','Miguel',0,0,'2020-11-01T02:00:00+5000',0),(601021156,'3613-7827-4020','DANIEL',0,0,'2020-11-01T02:00:00+5000',0),(601026757,'4086-2291-9877','Nate',0,0,'2020-11-01T02:00:00+5000',0),(601026775,'2239-3932-6167','KARTIK',0,0,'2020-11-01T02:00:00+5000',0),(601032176,'2840-6887-3712','David',0,0,'2020-11-01T02:00:00+5000',0),(601035474,'3699-6822-2930','Zoar',0,0,'2020-11-01T02:00:00+5000',0),(601036876,'2926-5881-3004','ETHAN',0,0,'2020-11-01T02:00:00+5000',0),(601037626,'2969-5378-1050','Raphael',0,0,'2020-11-01T02:00:00+5000',0),(601037700,'5117-0214-5924','​.',0,0,'2020-11-01T02:00:00+5000',0),(601037973,'4429-8266-9461','ETHAN',0,0,'2020-11-01T02:00:00+5000',0),(601039241,'0607-3058-1385','DAVID',0,0,'2020-11-01T02:00:00+5000',0),(601040803,'2668-8901-3155','BeHappy',0,0,'2020-11-01T02:00:00+5000',0),(601041036,'0134-8594-2924','NYANMAN',0,0,'2020-11-01T02:00:00+5000',0),(601041051,'0263-7084-4827','Albert',0,0,'2020-11-01T02:00:00+5000',0),(601042092,'2024-6450-5004','NETAUM',0,0,'2020-11-01T02:00:00+5000',0),(601053750,'0607-3059-5894','JAMES',0,0,'2020-11-01T02:00:00+5000',0),(601056382,'0478-4569-6638','???',0,0,'2020-11-01T02:00:00+5000',0),(601058562,'1852-8465-2290','Safety',0,0,'2020-11-01T02:00:00+5000',0),(601060060,'1036-8027-5164','Gigio',0,0,'2020-11-01T02:00:00+5000',0),(601063869,'2196-4439-5965','HiHa',0,0,'2020-11-01T02:00:00+5000',0),(601063906,'0521-4067-1458','JAY',0,0,'2020-11-01T02:00:00+5000',0),(601063912,'0478-4570-4168','ManRay',0,0,'2020-11-01T02:00:00+5000',0),(601065311,'3957-3805-6543','IKSDE',0,0,'2020-11-01T02:00:00+5000',0),(601066954,'3356-0851-6042','Mark',0,0,'2020-11-01T02:00:00+5000',0),(601067961,'2840-6890-9497','CRIS',0,0,'2020-11-01T02:00:00+5000',0),(601069429,'0435-5074-2389','BIGBOSS',0,0,'2020-11-01T02:00:00+5000',0),(601071604,'2067-5950-1812','Dragon',0,0,'2020-11-01T02:00:00+5000',0),(601071813,'2883-6388-0645','ALE',0,0,'2020-11-01T02:00:00+5000',0),(601077388,'2883-6388-6220','Safety2',0,0,'2020-11-01T02:00:00+5000',0),(601087763,'1337-4507-3939','JESS',0,0,'2020-11-01T02:00:00+5000',0),(601087862,'3441-9847-1542','Steve',0,0,'2020-11-01T02:00:00+5000',0),(601087882,'4043-2801-3706','JONJNJN',0,0,'2020-11-01T02:00:00+5000',0),(601089346,'2540-0415-9810','CORREY',0,0,'2020-11-01T02:00:00+5000',0),(601091605,'0736-1553-5637','ALE',0,0,'2020-11-01T02:00:00+5000',0),(601100082,'1337-4508-6258','German',0,0,'2020-11-01T02:00:00+5000',0),(601100690,'3613-7835-3554','MTA',0,0,'2020-11-01T02:00:00+5000',0),(601103037,'2625-9410-8093','MATT',0,0,'2020-11-01T02:00:00+5000',0),(601103120,'2754-7901-0064','JOSH',0,0,'2020-11-01T02:00:00+5000',0),(601109830,'0177-8097-9014','D4',0,0,'2020-11-01T02:00:00+5000',0),(601109847,'3141-3372-2455','Alex',0,0,'2020-11-01T02:00:00+5000',0),(601112720,'3570-8339-8288','CAR',0,0,'2020-11-01T02:00:00+5000',0),(601119667,'4558-6765-3043','DYLAN',0,0,'2020-11-01T02:00:00+5000',0);
/*!40000 ALTER TABLE `players` ENABLE KEYS */;
UNLOCK TABLES;

--
-- Table structure for table `players_backup`
--

DROP TABLE IF EXISTS `players_backup`;
/*!40101 SET @saved_cs_client     = @@character_set_client */;
/*!50503 SET character_set_client = utf8mb4 */;
CREATE TABLE `players_backup` (
  `playerID` int NOT NULL,
  `friendCode` char(14) CHARACTER SET utf8 COLLATE utf8_general_ci NOT NULL,
  `name` varchar(8) CHARACTER SET utf8 COLLATE utf8_general_ci NOT NULL,
  `redacted` tinyint(1) NOT NULL DEFAULT '0',
  `discordID` bigint unsigned DEFAULT NULL,
  `lastOnline` varchar(45) CHARACTER SET utf8 COLLATE utf8_general_ci NOT NULL DEFAULT '2020-11-01T02:00:00+5000',
  `secondsPlayed` bigint NOT NULL DEFAULT '0',
  PRIMARY KEY (`playerID`),
  UNIQUE KEY `player_id_UNIQUE` (`playerID`),
  UNIQUE KEY `friendCode_UNIQUE` (`friendCode`)
) ENGINE=InnoDB DEFAULT CHARSET=utf8mb4 COLLATE=utf8mb4_bin;
/*!40101 SET character_set_client = @saved_cs_client */;

--
-- Dumping data for table `players_backup`
--

LOCK TABLES `players_backup` WRITE;
/*!40000 ALTER TABLE `players_backup` DISABLE KEYS */;
INSERT INTO `players_backup` VALUES (196804150,'2793-6967-8390','BUSTER',0,138454176718913536,'2020-11-01T02:00:00+5000',0),(199108427,'3437-9649-2107','lex21',0,0,'2020-11-01T02:00:00+5000',0),(203699745,'0946-9298-0257','Buster2',0,138454176718913536,'2020-11-01T02:00:00+5000',0),(204253047,'3566-8653-8615','TwerkiT',0,106943669751283712,'2020-11-01T02:00:00+5000',0),(244082861,'2579-4212-0621','TopStar',0,198987632070492166,'2020-11-01T02:00:00+5000',0),(303906216,'3524-9122-4488','RATROD',0,0,'2020-11-01T02:00:00+5000',0),(393683510,'5114-9479-1734','CodyRs!',0,559107299952558103,'2020-11-01T02:00:00+5000',0),(407096214,'2409-2526-4790','TopZer0',0,198987632070492166,'2020-11-01T02:00:00+5000',0),(414660239,'3397-1707-6623','Wizzard',0,0,'2020-11-01T02:00:00+5000',0),(450023229,'2624-4302-8285','DYLAN',0,0,'2020-11-01T02:00:00+5000',0),(600043866,'3399-0246-0250','Lucas',0,0,'2020-11-01T02:00:00+5000',0),(600223684,'5374-7113-5684','TheFuck',0,0,'2020-11-01T02:00:00+5000',0),(600275791,'3399-0269-2175','11',0,0,'2020-11-01T02:00:00+5000',0),(600349614,'4902-2662-1358','Jooming',0,0,'2020-11-01T02:00:00+5000',0),(600352844,'1681-0407-7388','Steadio',0,0,'2020-11-01T02:00:00+5000',0),(600352857,'4086-2224-5977','HalCyon',0,692088863056986113,'2020-11-01T02:00:00+5000',0),(600353243,'5202-9139-6059','Bazinga',0,0,'2020-11-01T02:00:00+5000',0),(600353264,'3012-4806-3984','TGC4Evr',0,0,'2020-11-01T02:00:00+5000',0),(600354761,'2883-6316-3593','RLV2018',0,0,'2020-11-01T02:00:00+5000',0),(600354875,'2239-3865-4267','CALMON',0,0,'2020-11-01T02:00:00+5000',0),(600357091,'1766-9401-6227','KRIMSON',0,0,'2020-11-01T02:00:00+5000',0),(600358364,'5117-0146-6588','Bug',0,0,'2020-11-01T02:00:00+5000',0),(600360090,'4816-3669-7242','GABEX',0,0,'2020-11-01T02:00:00+5000',0),(600389206,'4429-8202-0694','Reviv3',0,0,'2020-11-01T02:00:00+5000',0),(600453319,'1723-9914-5159','Tyger',0,0,'2020-11-01T02:00:00+5000',0),(600456969,'3227-2300-4169','Tyger',0,0,'2020-11-01T02:00:00+5000',0),(600492765,'1981-6898-8381','BIGAIR',0,0,'2020-11-01T02:00:00+5000',0),(600502576,'2797-7337-6816','Skyler',0,0,'2020-11-01T02:00:00+5000',0),(600614379,'1466-2950-2443','S4MU31',0,0,'2020-11-01T02:00:00+5000',0),(600626641,'2797-7350-0881','Ag3n7​.0',0,0,'2020-11-01T02:00:00+5000',0),(600630197,'5031-1180-3829','GotzdVE',0,0,'2020-11-01T02:00:00+5000',0),(600655750,'1466-2954-3814','Tonke',0,0,'2020-11-01T02:00:00+5000',0),(600684450,'0993-8493-2258','Berserk',0,0,'2020-11-01T02:00:00+5000',0),(600719529,'4086-2261-2649','M4RCU5Z',0,0,'2020-11-01T02:00:00+5000',0),(600728274,'4730-4713-0834','EDbohXX',0,138454176718913536,'2020-11-01T02:00:00+5000',0),(600809093,'3871-4786-5733','JOSI',0,0,'2020-11-01T02:00:00+5000',0),(600840847,'2754-7874-7791','READ',0,0,'2020-11-01T02:00:00+5000',0),(600841171,'5117-0194-9395','ugh',0,0,'2020-11-01T02:00:00+5000',0),(600841176,'3656-7306-1336','MINIG',0,0,'2020-11-01T02:00:00+5000',0),(600841245,'3613-7809-4109','LARSEN',0,0,'2020-11-01T02:00:00+5000',0),(600848787,'2067-5927-8995','MATT',0,0,'2020-11-01T02:00:00+5000',0),(600856580,'1122-7000-6276','jusVibe',0,0,'2020-11-01T02:00:00+5000',0),(600859984,'4043-2778-5808','Awkward',0,275069307401142272,'2020-11-01T02:00:00+5000',0),(600862759,'0134-8576-4647','Maeson',0,0,'2020-11-01T02:00:00+5000',0),(600862790,'1638-0962-0038','KONA573',0,0,'2020-11-01T02:00:00+5000',0),(600863459,'1165-6498-0451','SklyWag',0,0,'2020-11-01T02:00:00+5000',0),(600863578,'2368-2406-4858','VMONEY',0,0,'2020-11-01T02:00:00+5000',0),(600866706,'1294-4988-5586','GAAAAAA',0,0,'2020-11-01T02:00:00+5000',0),(600867346,'1466-2975-5410','Cubestr',0,0,'2020-11-01T02:00:00+5000',0),(600868525,'0822-0524-7149','CAL',0,0,'2020-11-01T02:00:00+5000',0),(600869961,'4730-4727-2521','STEVEN',0,0,'2020-11-01T02:00:00+5000',0),(600871474,'3356-0832-0562','KaBoom!',0,0,'2020-11-01T02:00:00+5000',0),(600873541,'4644-5734-1509','RadMan!',0,0,'2020-11-01T02:00:00+5000',0),(600875040,'0693-2035-1776','IKYYAGU',0,0,'2020-11-01T02:00:00+5000',0),(600876649,'3484-9322-7625','BADNANA',0,0,'2020-11-01T02:00:00+5000',0),(600879986,'3785-5800-2034','Redd',0,0,'2020-11-01T02:00:00+5000',0),(600886027,'5159-9696-1547','pilly',0,705027478648913971,'2020-11-01T02:00:00+5000',0),(600888159,'1938-7441-6479','FLASH',0,0,'2020-11-01T02:00:00+5000',0),(600889642,'2926-5866-5770','Faker',0,0,'2020-11-01T02:00:00+5000',0),(600891300,'2883-6370-0132','cRUNc',0,180373244560408576,'2020-11-01T02:00:00+5000',0),(600892954,'4773-4226-2810','DAVID',0,0,'2020-11-01T02:00:00+5000',0),(600895307,'3141-3350-7915','Dylan',0,0,'2020-11-01T02:00:00+5000',0),(600896903,'0091-9083-1495','JamesRz',0,106943669751283712,'2020-11-01T02:00:00+5000',0),(600896987,'0736-1534-1019','IceCrem',0,0,'2020-11-01T02:00:00+5000',0),(600905251,'0134-8580-7139','SIMPLEX',0,0,'2020-11-01T02:00:00+5000',0),(600907903,'0220-7574-4383','0JS!​.',0,0,'2020-11-01T02:00:00+5000',0),(600908396,'0822-0528-7020','Buffer',0,0,'2020-11-01T02:00:00+5000',0),(600909539,'2325-2914-3523','SERGIO',0,0,'2020-11-01T02:00:00+5000',0),(600911112,'4129-1777-1528','DemoGod',0,0,'2020-11-01T02:00:00+5000',0),(600911915,'1552-1973-4571','MRL',0,0,'2020-11-01T02:00:00+5000',0),(600915448,'3914-4293-9384','EEE',0,0,'2020-11-01T02:00:00+5000',0),(600916445,'2110-5431-3949','SUZY',0,0,'2020-11-01T02:00:00+5000',0),(600918978,'1380-3987-2450','LUCAS',0,0,'2020-11-01T02:00:00+5000',0),(600919238,'2368-2412-0518','ZAFIRS',0,0,'2020-11-01T02:00:00+5000',0),(600920666,'3656-7314-0826','MAT',0,0,'2020-11-01T02:00:00+5000',0),(600923432,'4086-2281-6552','DemoGod',0,0,'2020-11-01T02:00:00+5000',0),(600923522,'4687-5235-8786','AaronYo',0,0,'2020-11-01T02:00:00+5000',0),(600925229,'2239-3922-4621','botTEST',0,704409490874695701,'2020-11-01T02:00:00+5000',0),(600926406,'2325-2916-0390','ALEX',0,0,'2020-11-01T02:00:00+5000',0),(600926840,'0263-7073-0616','Ahmad',0,0,'2020-11-01T02:00:00+5000',0),(600930746,'3270-1844-5242','TopStar',0,0,'2020-11-01T02:00:00+5000',0),(600930763,'5159-9700-6283','TopStar',0,0,'2020-11-01T02:00:00+5000',0),(600931687,'2540-0400-2151','VOALY',0,0,'2020-11-01T02:00:00+5000',0),(600935652,'2969-5367-9076','FELIX',0,0,'2020-11-01T02:00:00+5000',0),(600936938,'3699-6812-4394','HvyShoe',0,0,'2020-11-01T02:00:00+5000',0),(600937012,'1595-1472-6964','FEFO',0,0,'2020-11-01T02:00:00+5000',0),(600941767,'2582-9897-9527','ADAM',0,0,'2020-11-01T02:00:00+5000',0),(600942507,'1165-6505-9499','NYANMAN',0,0,'2020-11-01T02:00:00+5000',0),(600942713,'1852-8453-6441','yosh46',0,0,'2020-11-01T02:00:00+5000',0),(600946423,'2067-5937-6631','Washp',0,0,'2020-11-01T02:00:00+5000',0),(600949359,'4343-9264-6255','Weird',0,0,'2020-11-01T02:00:00+5000',0),(600949362,'4300-9767-8962','OSY',0,0,'2020-11-01T02:00:00+5000',0),(600949503,'0048-9591-6799','PlatCht',0,0,'2020-11-01T02:00:00+5000',0),(600949573,'3227-2349-6773','NIGHT',0,0,'2020-11-01T02:00:00+5000',0),(600950339,'0435-5062-3299','WILL',0,0,'2020-11-01T02:00:00+5000',0),(600950375,'2024-6441-3287','CAMERON',0,0,'2020-11-01T02:00:00+5000',0),(600951020,'4902-2722-2764','FLA',0,0,'2020-11-01T02:00:00+5000',0),(600952015,'2883-6376-0847','DUDE',0,0,'2020-11-01T02:00:00+5000',0),(600954832,'4515-7252-0912','Sarah',0,0,'2020-11-01T02:00:00+5000',0),(600960380,'3871-4801-7020','ANDY',0,0,'2020-11-01T02:00:00+5000',0),(600967064,'5374-7187-9064','Eracer',0,0,'2020-11-01T02:00:00+5000',0),(600978280,'4043-2790-4104','Marvin',0,0,'2020-11-01T02:00:00+5000',0),(600979039,'1938-7450-7359','Erick',0,0,'2020-11-01T02:00:00+5000',0),(600980331,'2582-9901-8091','JHN',0,0,'2020-11-01T02:00:00+5000',0),(600986056,'3527-8830-4328','Barnicn',0,0,'2020-11-01T02:00:00+5000',0),(600987850,'2325-2922-1834','CHDYMAC',0,0,'2020-11-01T02:00:00+5000',0),(600990601,'3871-4804-7241','Dark14',0,0,'2020-11-01T02:00:00+5000',0),(600992149,'0693-2046-8885','JPBust',0,138454176718913536,'2020-11-01T02:00:00+5000',0),(600993037,'2540-0406-3501','LINK',0,0,'2020-11-01T02:00:00+5000',0),(600997343,'4859-3230-1791','MEEMEE!',0,0,'2020-11-01T02:00:00+5000',0),(601001518,'4386-8766-5710','EMDER',0,0,'2020-11-01T02:00:00+5000',0),(601001898,'2797-7387-6138','JUAN',0,0,'2020-11-01T02:00:00+5000',0),(601007018,'3227-2355-4218','THIAGO',0,0,'2020-11-01T02:00:00+5000',0),(601007113,'1251-5505-8697','1d6',0,0,'2020-11-01T02:00:00+5000',0),(601007318,'5245-8701-7430','JJ',0,0,'2020-11-01T02:00:00+5000',0),(601011319,'0779-1042-2647','BruceR',0,0,'2020-11-01T02:00:00+5000',0),(601012209,'4043-2793-8033','OPTEMUS',0,0,'2020-11-01T02:00:00+5000',0),(601013989,'4859-3231-8437','FALCODS',0,0,'2020-11-01T02:00:00+5000',0),(601015999,'0693-2049-2735','BigDude',0,0,'2020-11-01T02:00:00+5000',0),(601016422,'3055-4369-4438','MSX',0,0,'2020-11-01T02:00:00+5000',0),(601018187,'0263-7082-1963','Miguel',0,0,'2020-11-01T02:00:00+5000',0),(601021156,'3613-7827-4020','DANIEL',0,0,'2020-11-01T02:00:00+5000',0),(601026757,'4086-2291-9877','Nate',0,0,'2020-11-01T02:00:00+5000',0),(601026775,'2239-3932-6167','KARTIK',0,0,'2020-11-01T02:00:00+5000',0),(601032176,'2840-6887-3712','David',0,0,'2020-11-01T02:00:00+5000',0),(601035474,'3699-6822-2930','Zoar',0,0,'2020-11-01T02:00:00+5000',0),(601036876,'2926-5881-3004','ETHAN',0,0,'2020-11-01T02:00:00+5000',0),(601037626,'2969-5378-1050','Raphael',0,0,'2020-11-01T02:00:00+5000',0),(601037700,'5117-0214-5924','​.',0,0,'2020-11-01T02:00:00+5000',0),(601037973,'4429-8266-9461','ETHAN',0,0,'2020-11-01T02:00:00+5000',0),(601039241,'0607-3058-1385','DAVID',0,0,'2020-11-01T02:00:00+5000',0),(601040803,'2668-8901-3155','BeHappy',0,0,'2020-11-01T02:00:00+5000',0),(601041036,'0134-8594-2924','NYANMAN',0,0,'2020-11-01T02:00:00+5000',0),(601041051,'0263-7084-4827','Albert',0,0,'2020-11-01T02:00:00+5000',0),(601042092,'2024-6450-5004','NETAUM',0,0,'2020-11-01T02:00:00+5000',0),(601053750,'0607-3059-5894','JAMES',0,0,'2020-11-01T02:00:00+5000',0),(601056382,'0478-4569-6638','???',0,0,'2020-11-01T02:00:00+5000',0),(601058562,'1852-8465-2290','Safety',0,0,'2020-11-01T02:00:00+5000',0),(601060060,'1036-8027-5164','Gigio',0,0,'2020-11-01T02:00:00+5000',0),(601063869,'2196-4439-5965','HiHa',0,0,'2020-11-01T02:00:00+5000',0),(601063906,'0521-4067-1458','JAY',0,0,'2020-11-01T02:00:00+5000',0),(601063912,'0478-4570-4168','ManRay',0,0,'2020-11-01T02:00:00+5000',0),(601065311,'3957-3805-6543','IKSDE',0,0,'2020-11-01T02:00:00+5000',0),(601066954,'3356-0851-6042','Mark',0,0,'2020-11-01T02:00:00+5000',0),(601067961,'2840-6890-9497','CRIS',0,0,'2020-11-01T02:00:00+5000',0),(601069429,'0435-5074-2389','BIGBOSS',0,0,'2020-11-01T02:00:00+5000',0),(601071604,'2067-5950-1812','Dragon',0,0,'2020-11-01T02:00:00+5000',0),(601071813,'2883-6388-0645','ALE',0,0,'2020-11-01T02:00:00+5000',0),(601077388,'2883-6388-6220','Safety2',0,0,'2020-11-01T02:00:00+5000',0),(601087763,'1337-4507-3939','JESS',0,0,'2020-11-01T02:00:00+5000',0),(601087862,'3441-9847-1542','Steve',0,0,'2020-11-01T02:00:00+5000',0),(601087882,'4043-2801-3706','JONJNJN',0,0,'2020-11-01T02:00:00+5000',0),(601089346,'2540-0415-9810','CORREY',0,0,'2020-11-01T02:00:00+5000',0),(601091605,'0736-1553-5637','ALE',0,0,'2020-11-01T02:00:00+5000',0),(601100082,'1337-4508-6258','German',0,0,'2020-11-01T02:00:00+5000',0),(601100690,'3613-7835-3554','MTA',0,0,'2020-11-01T02:00:00+5000',0),(601103037,'2625-9410-8093','MATT',0,0,'2020-11-01T02:00:00+5000',0),(601103120,'2754-7901-0064','JOSH',0,0,'2020-11-01T02:00:00+5000',0),(601109830,'0177-8097-9014','D4',0,0,'2020-11-01T02:00:00+5000',0),(601109847,'3141-3372-2455','Alex',0,0,'2020-11-01T02:00:00+5000',0),(601112720,'3570-8339-8288','CAR',0,0,'2020-11-01T02:00:00+5000',0),(601119667,'4558-6765-3043','DYLAN',0,0,'2020-11-01T02:00:00+5000',0);
/*!40000 ALTER TABLE `players_backup` ENABLE KEYS */;
UNLOCK TABLES;
/*!40103 SET TIME_ZONE=@OLD_TIME_ZONE */;

/*!40101 SET SQL_MODE=@OLD_SQL_MODE */;
/*!40014 SET FOREIGN_KEY_CHECKS=@OLD_FOREIGN_KEY_CHECKS */;
/*!40014 SET UNIQUE_CHECKS=@OLD_UNIQUE_CHECKS */;
/*!40101 SET CHARACTER_SET_CLIENT=@OLD_CHARACTER_SET_CLIENT */;
/*!40101 SET CHARACTER_SET_RESULTS=@OLD_CHARACTER_SET_RESULTS */;
/*!40101 SET COLLATION_CONNECTION=@OLD_COLLATION_CONNECTION */;
/*!40111 SET SQL_NOTES=@OLD_SQL_NOTES */;

-- Dump completed on 2020-11-18  5:32:01
